{"cameraMode":{"drawMode":0,"name":"Shaded","section":"Shading Mode"},"sceneLighting":false,"audioPlay":false,"sceneViewState":{"showFog":true,"showMaterialUpdate":false,"showSkybox":false,"showFlares":true,"showImageEffects":true,"showParticleSystems":true},"in2DMode":false,"pivot":{"x":27.432939529418947,"y":-9.868650436401368,"z":29.966556549072267},"rotation":{"x":-0.22648337483406068,"y":-0.42475441098213198,"z":0.11063649505376816,"w":-0.8695131540298462},"size":40.373233795166019,"orthographic":false}